"DT_GERACAO";"HH_GERACAO";"AA_ELEICAO";"CD_ELEICAO";"NM_ELEICAO";"SG_UF";"SG_UE";"NM_UE";"NR_PROTOCOLO_REGISTRO";"DT_REGISTRO";"ST_PESQUISA_PROPRIA";"NR_CNPJ_EMPRESA";"NM_EMPRESA";"NM_EMPRESA_FANTASIA";"DS_CARGO";"DT_INICIO_PESQUISA";"DT_FIM_PESQUISA";"QT_ENTREVISTADO";"CD_CONRE";"NM_ESTATISTICO_RESP";"VR_PESQUISA";"VR_PESQUISA";"DS_METODOLOGIA_PESQUISA";"DS_PLANO_AMOSTRAL";"DS_SISTEMA_CONTROLE";"DS_DADO_MUNICIPIO"
"27/10/2022";"05:31:03";2022;9;"Eleições Gerais 2022";"PR";"PR";"PARANÁ";"PR011802022";"2022-09-10 22:23:49";"N";"00481961000165";"RADAR INTELIGENCIA - EIRELI";"RADAR ESTATISTICA";"Governador, Senador";"2022-09-11 00:00:00";"2022-09-14 00:00:00";1350;"7520 - A";"Dinarte Orlandi";"65800,00";"65800,00";"Pesquisa quantitativa que consiste na realização de entrevistas pessoais, com aplicação de questionários estruturados e padronizados junto a uma amostra representativa de eleitorado em estudo (Estado do Paraná).";"A amostra desta pesquisa será de 1350 entrevistas, distribuídas da seguinte forma: Sexo - masculino: 47%, feminino: 53%; Idade - 16 a 24 anos: 13%, 25 a 34 anos: 20%, 35 a 44 anos: 20%, 45 a 59 anos: 26%, mais de 59 anos: 21% ; Grau de Instrução ¿ De analfabeto até ensino fundamental completo: 37%, Ensino médio completo e incompleto: 42%, Ensino Superior completo e incompleto: 21%; Nível Econômico - Sem rendimento até 2 salários mínimos: 36%, de 2 a 5 salários mínimos: 39%, mais de 5 salários mínimos: 25%. Está prevista ponderação das variáveis sexo, faixa etária, grau de instrução e nível econômico, caso ocorram diferenças superior a margem de erro de 2.7 % entre os resultados obtidos em campo e os percentuais previstos para a amostra. O intervalo de confiança é de 95%, e a margem de erro é de 2,7 pontos percentuais para mais ou para menos. Fontes: Sexo, Idade, Grau de Instrução (TSE/AGOSTO 2022) e nível econômico (IBGE - https://cidades.ibge.gov.br/brasil/pr/pesquisa/23/24304).";"Todas as entrevistas serão conferidas individualmente, criticadas por um profissional responsável pelo controle de qualidade da empresa e posteriormente tabuladas em um software especifico para este fim. Todo o trabalho de coleta de dados (entrevistas) será devidamente coordenado e fiscalizado por um profissional treinado com esse objetivo. Utilizaremos grades de cotas de sexo, idade, grau de instrução e nível econômico proporcionalmente, de acordo com o perfil do eleitor do universo pesquisado. Serão checados 20% dos questionários, por telefone, solicitado junto ao respondente no momento da entrevista, com sua plena concordância.";"A relação das localidades selecionadas para aplicação da amostra será apresentada até o dia seguinte ao registro da pesquisa, conforme expresso no art. 2º, §7º da Resolução 23.600/2019 do TSE."
"27/10/2022";"05:31:03";2022;9;"Eleições Gerais 2022";"PR";"PR";"PARANÁ";"PR033742022";"2022-06-28 22:30:06";"S";"10175063000132";"IRG PESQUISA LTDA";"IRG CONSULTORIA";"Governador, Senador";"2022-06-29 00:00:00";"2022-07-03 00:00:00";1500;"7520-A";" Dinarte Orlandi";"18000,00";"18000,00";"Pesquisa quantitativa, com a realização de entrevistas telefônicas utilizando questionário
estruturado junto a uma amostra representativa do eleitorado do Estado do Paraná. 
";"A amostra desta pesquisa será de 1.500 entrevistas distribuída da seguinte forma:
GÊNERO (SEXO): Homens: 47% e Mulheres: 53%.
FAIXA ETÁRIA (IDADE): Entre 16 e 24 anos: 14%; Entre 25 e 34 anos: 20%; Entre 35 e 44
anos: 19%; Entre 45 e 59 anos: 26% e com 60 anos ou mais: 21%.
GRAU DE INSTRUÇÃO (ESCOLARIDADE): Analfabeto até ensino fundamental completo:
37%, Ensino médio completo e incompleto: 42% e Ensino superior completo e incompleto:
21%.
NIVEL ECONÔMICO (RENDA DOMICILIAR MENSAL): Sem Rendimentos até 2 SM: 36%;
Mais de 2 a 5 SM: 39% e Mais de 5 SM: 25%.
Está prevista eventual ponderação para correção das variáveis sexo, idade, escolaridade e
nível econômico, com base nos percentuais acima apresentados, caso ocorram diferenças
superiores a 3% (três) pontos percentuais entre o previsto na amostra e a coleta realizada.
O intervalo de confiança de 95% (noventa e cinco por cento) para uma margem de erro de
2,5% (dois virgula cinco) pontos percentuais para mais ou para menos sobre os resultados
obtidos.
Fontes: Sexo, Idade, Grau de Instrução no TSE (MAIO/2022) e Renda no IBGE
(https://cidades.ibge.gov.br/brasil/pr/pesquisa/23/24304). 
";"As entrevistas serão realizadas por uma equipe de entrevistadores e supervisores
devidamente qualificada pela IRG Pesquisa, com experiência e treinamento em pesquisa de
opinião pública. No decorrer do trabalho, os questionários aplicados serão fiscalizados em
cerca de 20% para verificação quanto ao cuidado na sua aplicação bem como a adequação
do entrevistado às variáveis das cotas amostrais. ";"A relação das localidades encontra-se em anexo, conforme §7º. do art. 2º. da Resolução TSE nº. 23.600/2019 "
"27/10/2022";"05:31:03";2022;9;"Eleições Gerais 2022";"PR";"PR";"PARANÁ";"PR026632022";"2022-08-08 21:54:25";"S";"10175063000132";"IRG PESQUISA LTDA";"IRG CONSULTORIA";"Governador";"2022-08-08 00:00:00";"2022-08-12 00:00:00";1500;"7520-A";" Dinarte Orlandi";"18000,00";"18000,00";"Pesquisa quantitativa, com a realização de entrevistas telefônicas utilizando questionário estruturado junto a uma amostra representativa do eleitorado do Estado do Paraná.";"A amostra desta pesquisa será de 1.500 entrevistas distribuída da seguinte forma: 
GÊNERO (SEXO): Homens: 47% e Mulheres: 53%.
FAIXA ETÁRIA (IDADE): Entre 16 e 24 anos: 13%; Entre 25 e 34 anos: 20%; Entre 35 e 44 anos: 20%; Entre 45 e 59 anos: 26% e com 60 anos ou mais: 21%.
GRAU DE INSTRUÇÃO (ESCOLARIDADE): Analfabeto até ensino fundamental completo: 37%, Ensino médio completo e incompleto: 42% e Ensino superior completo e incompleto: 21%.
NIVEL ECONÔMICO (RENDA DOMICILIAR MENSAL): Sem Rendimentos até 2 SM: 36%; Mais de 2 a 5 SM: 39% e Mais de 5 SM: 25%.
Está prevista eventual ponderação para correção das variáveis sexo, idade, escolaridade e nível econômico, com base nos percentuais acima apresentados, caso ocorram diferenças superiores a 3% (três) pontos percentuais entre o previsto na amostra e a coleta realizada. 
O intervalo de confiança de 95% (noventa e cinco por cento) para uma margem de erro de 2,5% (dois virgula cinco) pontos percentuais para mais ou para menos sobre os resultados obtidos. 
Fontes: Sexo, Idade, Grau de Instrução no TSE (Julho/2022) e Renda no IBGE (https://cidades.ibge.gov.br/brasil/pr/pesquisa/23/24304). 
";"As entrevistas serão realizadas por uma equipe de entrevistadores e supervisores devidamente qualificada pela IRG Pesquisa, com experiência e treinamento em pesquisa de opinião pública. No decorrer do trabalho, os questionários aplicados serão fiscalizados em cerca de 20% para verificação quanto ao cuidado na sua aplicação bem como a adequação do entrevistado às variáveis das cotas amostrais.";"#NULO#"
"27/10/2022";"05:31:03";2022;9;"Eleições Gerais 2022";"PR";"PR";"PARANÁ";"PR064372022";"2022-09-17 09:53:59";"N";"00481961000165";"RADAR INTELIGENCIA - EIRELI";"RADAR ESTATISTICA";"Governador, Senador";"2022-09-19 00:00:00";"2022-09-21 00:00:00";1350;"7520 - A";"Dinarte Orlandi";"65800,00";"65800,00";"Pesquisa quantitativa que consiste na realização de entrevistas pessoais, com aplicação de questionários estruturados e padronizados junto a uma amostra representativa de eleitorado em estudo (Estado do Paraná).";"A amostra desta pesquisa será de 1350 entrevistas, distribuídas da seguinte forma: Sexo - masculino: 47%, feminino: 53%; Idade - 16 a 24 anos: 13%, 25 a 34 anos: 20%, 35 a 44 anos: 20%, 45 a 59 anos: 26%, mais de 59 anos: 21% ; Grau de Instrução: De analfabeto até ensino fundamental completo: 37%, Ensino médio completo e incompleto: 42%, Ensino Superior completo e incompleto: 21%; Nível Econômico - Sem rendimento até 2 salários mínimos: 36%, de 2 a 5 salários mínimos: 39%, mais de 5 salários mínimos: 25%. Está prevista ponderação das variáveis sexo, faixa etária, grau de instrução e nível econômico, caso ocorram diferenças superior a margem de erro de 2.7 % entre os resultados obtidos em campo e os percentuais previstos para a amostra. O intervalo de confiança é de 95%, e a margem de erro é de 2,7 pontos percentuais para mais ou para menos. Fontes: Sexo, Idade, Grau de Instrução (TSE/AGOSTO 2022) e nível econômico (IBGE - https://cidades.ibge.gov.br/brasil/pr/pesquisa/23/24304).";"Todas as entrevistas serão conferidas individualmente, criticadas por um profissional responsável pelo controle de qualidade da empresa e posteriormente tabuladas em um software especifico para este fim. Todo o trabalho de coleta de dados (entrevistas) será devidamente coordenado e fiscalizado por um profissional treinado com esse objetivo. Utilizaremos grades de cotas de sexo, idade, grau de instrução e nível econômico proporcionalmente, de acordo com o perfil do eleitor do universo pesquisado. Serão checados 20% dos questionários, por telefone, solicitado junto ao respondente no momento da entrevista, com sua plena concordância.";"A relação das localidades selecionadas para aplicação da amostra será apresentada até o dia seguinte ao registro da pesquisa, conforme expresso no art. 2º, §7º da Resolução 23.600/2019 do TSE."
"27/10/2022";"05:31:03";2022;9;"Eleições Gerais 2022";"PR";"PR";"PARANÁ";"PR099422022";"2022-09-25 10:39:50";"N";"10175063000132";"IRG PESQUISA LTDA";"IRG CONSULTORIA";"Governador, Senador";"2022-09-26 00:00:00";"2022-09-30 00:00:00";1500;"7520-A";" Dinarte Orlandi";"18000,00";"18000,00";"Pesquisa quantitativa, com a realização de entrevistas telefônicas utilizando questionário estruturado junto a uma amostra representativa do eleitorado do Estado do Paraná.";"A amostra desta pesquisa será de 1.500 entrevistas distribuída da seguinte forma: 
GÊNERO (SEXO): Homens: 47% e Mulheres: 53%.
FAIXA ETÁRIA (IDADE): Entre 16 e 24 anos: 13%; Entre 25 e 34 anos: 20%; Entre 35 e 44 anos: 20%; Entre 45 e 59 anos: 26% e com 60 anos ou mais: 21%.
GRAU DE INSTRUÇÃO (ESCOLARIDADE): Analfabeto até ensino fundamental completo: 37%, Ensino médio completo e incompleto: 42% e Ensino superior completo e incompleto: 21%.
NIVEL ECONÔMICO (RENDA DOMICILIAR MENSAL): Sem Rendimentos até 2 SM: 36%; Mais de 2 a 5 SM: 39% e Mais de 5 SM: 25%.
Está prevista eventual ponderação para correção das variáveis sexo, idade, escolaridade e nível econômico, com base nos percentuais acima apresentados, caso ocorram diferenças superiores a 3% (três) pontos percentuais entre o previsto na amostra e a coleta realizada. 
O intervalo de confiança de 95% (noventa e cinco por cento) para uma margem de erro de 2,5% (dois virgula cinco) pontos percentuais para mais ou para menos sobre os resultados obtidos. 
Fontes: Sexo, Idade, Grau de Instrução no TSE (AGOSTO/2022) e Renda no IBGE (https://cidades.ibge.gov.br/brasil/pr/pesquisa/23/24304). 
";"As entrevistas serão realizadas por uma equipe de entrevistadores e supervisores devidamente qualificada pela IRG Pesquisa, com experiência e treinamento em pesquisa de opinião pública. No decorrer do trabalho, os questionários aplicados serão fiscalizados em cerca de 20% para verificação quanto ao cuidado na sua aplicação bem como a adequação do entrevistado às variáveis das cotas amostrais.";"A relação das localidades encontra-se em anexo, conforme §7º. do art. 2º. da Resolução-TSE nº. 23.600/2019"
"27/10/2022";"05:31:03";2022;9;"Eleições Gerais 2022";"PR";"PR";"PARANÁ";"PR021612022";"2022-09-24 09:11:40";"N";"00481961000165";"RADAR INTELIGENCIA - EIRELI";"RADAR ESTATISTICA";"Governador, Senador";"2022-09-26 00:00:00";"2022-09-28 00:00:00";1350;"7520 - A";"Dinarte Orlandi";"65800,00";"65800,00";"Pesquisa quantitativa que consiste na realização de entrevistas pessoais, com aplicação de questionários estruturados e padronizados junto a uma amostra representativa de eleitorado em estudo (Estado do Paraná).";"A amostra desta pesquisa será de 1350 entrevistas, distribuídas da seguinte forma: Sexo - masculino: 47%, feminino: 53%; Idade - 16 a 24 anos: 13%, 25 a 34 anos: 20%, 35 a 44 anos: 20%, 45 a 59 anos: 26%, mais de 59 anos: 21% ; Grau de Instrução: De analfabeto até ensino fundamental completo: 37%, Ensino médio completo e incompleto: 42%, Ensino Superior completo e incompleto: 21%; Nível Econômico - Sem rendimento até 2 salários mínimos: 36%, de 2 a 5 salários mínimos: 39%, mais de 5 salários mínimos: 25%. Está prevista ponderação das variáveis sexo, faixa etária, grau de instrução e nível econômico, caso ocorram diferenças superior a margem de erro de 2.7 % entre os resultados obtidos em campo e os percentuais previstos para a amostra. O intervalo de confiança é de 95%, e a margem de erro é de 2,7 pontos percentuais para mais ou para menos. Fontes: Sexo, Idade, Grau de Instrução (TSE/AGOSTO 2022) e nível econômico (IBGE - https://cidades.ibge.gov.br/brasil/pr/pesquisa/23/24304).";"Todas as entrevistas serão conferidas individualmente, criticadas por um profissional responsável pelo controle de qualidade da empresa e posteriormente tabuladas em um software especifico para este fim. Todo o trabalho de coleta de dados (entrevistas) será devidamente coordenado e fiscalizado por um profissional treinado com esse objetivo. Utilizaremos grades de cotas de sexo, idade, grau de instrução e nível econômico proporcionalmente, de acordo com o perfil do eleitor do universo pesquisado. Serão checados 20% dos questionários, por telefone, solicitado junto ao respondente no momento da entrevista, com sua plena concordância.";"A relação das localidades selecionadas para aplicação da amostra será apresentada até o dia seguinte ao registro da pesquisa, conforme expresso no art. 2º, §7º da Resolução 23.600/2019 do TSE."
"27/10/2022";"05:31:03";2022;9;"Eleições Gerais 2022";"PR";"PR";"PARANÁ";"PR016862022";"2022-08-26 21:28:04";"N";"10175063000132";"IRG PESQUISA LTDA";"IRG CONSULTORIA";"Governador";"2022-08-26 00:00:00";"2022-08-30 00:00:00";1500;"7520-A";" Dinarte Orlandi";"18000,00";"18000,00";"Pesquisa quantitativa, com a realização de entrevistas telefônicas utilizando questionário estruturado junto a uma amostra representativa do eleitorado do Estado do Paraná.";"A amostra desta pesquisa será de 1.500 entrevistas distribuída da seguinte forma: 
GÊNERO (SEXO): Homens: 47% e Mulheres: 53%.
FAIXA ETÁRIA (IDADE): Entre 16 e 24 anos: 13%; Entre 25 e 34 anos: 20%; Entre 35 e 44 anos: 20%; Entre 45 e 59 anos: 26% e com 60 anos ou mais: 21%.
GRAU DE INSTRUÇÃO (ESCOLARIDADE): Analfabeto até ensino fundamental completo: 37%, Ensino médio completo e incompleto: 42% e Ensino superior completo e incompleto: 21%.
NIVEL ECONÔMICO (RENDA DOMICILIAR MENSAL): Sem Rendimentos até 2 SM: 36%; Mais de 2 a 5 SM: 39% e Mais de 5 SM: 25%.
Está prevista eventual ponderação para correção das variáveis sexo, idade, escolaridade e nível econômico, com base nos percentuais acima apresentados, caso ocorram diferenças superiores a 3% (três) pontos percentuais entre o previsto na amostra e a coleta realizada. 
O intervalo de confiança de 95% (noventa e cinco por cento) para uma margem de erro de 2,5% (dois virgula cinco) pontos percentuais para mais ou para menos sobre os resultados obtidos. 
Fontes: Sexo, Idade, Grau de Instrução no TSE (Julho/2022) e Renda no IBGE (https://cidades.ibge.gov.br/brasil/pr/pesquisa/23/24304). 
";"As entrevistas serão realizadas por uma equipe de entrevistadores e supervisores devidamente qualificada pela IRG Pesquisa, com experiência e treinamento em pesquisa de opinião pública. No decorrer do trabalho, os questionários aplicados serão fiscalizados em cerca de 20% para verificação quanto ao cuidado na sua aplicação bem como a adequação do entrevistado às variáveis das cotas amostrais.";"#NULO#"
"27/10/2022";"05:31:03";2022;9;"Eleições Gerais 2022";"PR";"PR";"PARANÁ";"PR067452022";"2022-07-15 17:52:19";"N";"22345021000181";"REAL TIME MIDIA LTDA";"REAL TIME BIG DATA";"Governador, Senador";"2022-07-19 00:00:00";"2022-07-20 00:00:00";1500;"10839";"Isabela Zara Cremoneze";"20000,00";"20000,00";"Pesquisa quantitativa, que consiste na realização de entrevistas pessoais, com a aplicação de questionário estruturado junto a uma amostra representativa do eleitorado em estudo. Pesquisa realizada no Estado de PARANÁ.";"Representativo do eleitorado da área em estudo, elaborada em três estágios. No primeiro estágio faz-se um sorteio probabilístico dos municípios, onde as entrevistas serão realizadas, pelo método PPT (Probabilidade Proporcional ao Tamanho), tomando o eleitorado como base para tal seleção. 
No segundo estágio faz-se um sorteio probabilístico dos setores censitários, onde as entrevistas serão realizadas, pelo método PPT (Probabilidade Proporcional ao Tamanho), tomando a população de 16 anos ou mais residente nos setores como base para tal seleção. 
No terceiro e último estágio, dentro dos setores sorteados, os respondentes são selecionados através de quotas amostrais proporcionais em função de variáveis significativas, a saber:
 IDADE:
16-24 (masculino) 13% (feminino) 13%; 
25-34 (masculino) 21% (feminino) 20%;
35-44 (masculino) 20% (feminino) 19%;
45-59 (masculino) 26% (feminino) 26%;
60 e+ (masculino) 20% (feminino) 22%;
INSTRUÇÃO: 
Até Ensino Médio (masculino) 81% (feminino) 77%;
Ensino Superior (masculino) 19% (feminino) 23%; 
NÍVEL ECONÔMICO: 
Economicamente ativo (masculino) 74% (feminino) 53%;
Não Economicamente ativo (masculino) 26% (feminino) 47%.
Está prevista eventual ponderação para correção das variáveis sexo e idade, com base nos percentuais anteriormente mencionados, caso ocorram diferenças superiores a 3 pontos percentuais entre o previsto na amostra e a coleta de dados realizada. Para as variáveis de grau de instrução e nível econômico do entrevistado, o fator previsto para ponderação é 1 (resultados obtidos em campo).
 O nível de confiança estimado é de 95% e a margem de erro máxima estimada considerando um modelo de amostragem aleatório simples, é de 3 (três) pontos percentuais para mais ou para menos sobre os resultados encontrados no total da amostra. FONTE DOS DADOS: Censo 2010 | PNADC 2020 | TSE 2022.";"O trabalho de coleta de dados é acompanhado in loco por supervisores de campo. São selecionados aleatoriamente 15% (quinze por cento) dos questionários para uma verificação posterior com ligações telefônicas para os números indicados nos formulários, em caso de dúvida, o formulário é descartado e o entrevistador chamado para esclarecimentos.";"Em anexo."
"27/10/2022";"05:31:03";2022;9;"Eleições Gerais 2022";"PR";"PR";"PARANÁ";"PR065182022";"2022-06-21 19:12:33";"N";"22345021000181";"REAL TIME MIDIA LTDA";"REAL TIME BIG DATA";"Governador, Senador";"2022-06-24 00:00:00";"2022-06-25 00:00:00";1500;"10839";"Isabela Zara Cremoneze";"20000,00";"20000,00";"A abordagem utilizada consiste na aplicação de uma amostragem aleatória representativa da população residente no Estado do Paraná, com 16 anos ou mais de idade. A amostra é selecionada respeitando-se quotas proporcionais controladas por região geográfica, sexo e faixa etária, escolaridade e renda de acordo com distribuição da população eleitoral apresentada pelos órgãos: TSE 2022, PNADc 2020 e CENSO 2010. ";"O plano Amostral segundo os itens exigidos por lei seguem descritos: 
Universo: Eleitorado do Estado do Paraná, com 16 anos ou mais. 
Amostragem: A pesquisa irá entrevistar 1500 eleitores aptos. 
Coeficiente de confiança e margem de erro:  A margem de erro de aproximadamente 3% para um intervalo e confiança de 95%.
As ponderações em relação a sexo, idade, grau de instrução e nível econômico, estão descritas no questionário refletindo estatisticamente a proporção do eleitorado consultado. 
Sexo: Feminino 52,4% Masculino 47,6%;   
Faixa Etária: De 16 a 24 anos 12,8%; De 25 a 34 anos 20,4%; De 35 a 44 anos 19,9%; De 45 a 59 anos 26,3%; Mais de 60 anos 20,6%;
Grau de Instrução: Até Fundamental Completo 39,2%; Ensino Médio incompleto ou Completo 39,5%; Ensino Superior Incompleto ou Completo 21,3%;
Nível econômico: Economicamente ativo: Masculino 73,5% e Feminino 53,4%; Não economicamente ativo: Masculino 26,5% e Feminino 46,6%.
Fonte:  TSE 2022, PNADc 2020 e CENSO 2010.

";"O trabalho de coleta de dados é acompanhado in loco por supervisores de campo. São selecionados aleatoriamente 15% (quinze por cento) dos questionários para uma verificação posterior com ligações telefônicas para os números indicados nos formulários, em caso de dúvida, o formulário é descartado e o entrevistador chamado para esclarecimentos.";"Em anexo"
"27/10/2022";"05:31:03";2022;9;"Eleições Gerais 2022";"PR";"PR";"PARANÁ";"PR066122022";"2022-08-10 21:43:17";"N";"22345021000181";"REAL TIME MIDIA LTDA";"REAL TIME BIG DATA";"Governador, Senador";"2022-08-13 00:00:00";"2022-08-15 00:00:00";1500;"10839";"Isabela Zara Cremoneze";"20000,00";"20000,00";"Pesquisa quantitativa, que consiste na realização de entrevistas pessoais, com a aplicação de questionário estruturado junto a uma amostra representativa do eleitorado em estudo. Pesquisa realizada no Estado de PARANÁ.";"Representativo do eleitorado da área em estudo, elaborada em três estágios. No primeiro estágio faz-se um sorteio probabilístico dos municípios, onde as entrevistas serão realizadas, pelo método PPT (Probabilidade Proporcional ao Tamanho), tomando o eleitorado como base para tal seleção. 
No segundo estágio faz-se um sorteio probabilístico dos setores censitários, onde as entrevistas serão realizadas, pelo método PPT (Probabilidade Proporcional ao Tamanho), tomando a população de 16 anos ou mais residente nos setores como base para tal seleção. 
No terceiro e último estágio, dentro dos setores sorteados, os respondentes são selecionados através de quotas amostrais proporcionais em função de variáveis significativas, a saber:
 IDADE:
 16-24 (masculino) 13% (feminino) 13%; 
25-34 (masculino) 21% (feminino) 20%;
 35-44 (masculino) 20% (feminino) 19%;
 45-59 (masculino) 26% (feminino) 26%;
 60 e+ (masculino) 20% (feminino) 22%;
INSTRUÇÃO: 
Até Ensino Médio (masculino) 81% (feminino) 77%;
 Ensino Superior (masculino) 19% (feminino) 23%; 
NÍVEL ECONÔMICO: 
Economicamente ativo (masculino) 74% (feminino) 53%;
 Não Economicamente ativo (masculino) 26% (feminino) 47%.
Está prevista eventual ponderação para correção das variáveis sexo e idade, com base nos percentuais anteriormente mencionados, caso ocorram diferenças superiores a 3 pontos percentuais entre o previsto na amostra e a coleta de dados realizada. Para as variáveis de grau de instrução e nível econômico do entrevistado, o fator previsto para ponderação é 1 (resultados obtidos em campo).
 O nível de confiança estimado é de 95% e a margem de erro máxima estimada considerando um modelo de amostragem aleatório simples, é de 3 (três) pontos percentuais para mais ou para menos sobre os resultados encontrados no total da amostra. FONTE DOS DADOS: Censo 2010 | PNADC 2020 | TSE 2022.
";"O trabalho de coleta de dados é acompanhado in loco por supervisores de campo. São selecionados aleatoriamente 15% (quinze por cento) dos questionários para uma verificação posterior com ligações telefônicas para os números indicados nos formulários, em caso de dúvida, o formulário é descartado e o entrevistador chamado para esclarecimentos.";"Será anexado de acordo com a resolução."
"27/10/2022";"05:31:03";2022;9;"Eleições Gerais 2022";"PR";"PR";"PARANÁ";"PR058882022";"2022-08-12 23:03:21";"N";"11849437000110";"IPESPE INST DE PESQUISAS SOCIAIS POLITICAS E ECONOMICAS";"#NULO#";"Governador, Senador";"2022-08-13 00:00:00";"2022-08-15 00:00:00";1000;"5255 da 5a Região";"Joaquim André Harmes Figueiredo";"45000,00";"45000,00";"Pesquisa quantitativa, telefônica, através de entrevistas a pessoas às quais é aplicado um questionário estruturado. Essas pessoas constituem uma amostra representativa dos eleitores do estado do Paraná com acesso a telefone celular e/ou rede telefônica fixa (na residência ou no trabalho). As entrevistas serão realizadas por equipes de pesquisadores, com bastante experiência nesse tipo de trabalho, e especialmente treinados para esta pesquisa.";"Serão realizadas 1.000 entrevistas no estado do Paraná. Sendo 17% na capital, 15% na periferia e 68% no interior. No plano de amostragem utilizado para a estratificação são considerados os municípios, os sexos e as faixas etárias dos entrevistados. Inicialmente as unidades amostrais são os municípios e no estágio seguinte são os eleitores residentes nos municípios. Para a seleção dos entrevistados será utilizado o sistema de cotas amostrais segundo Sexo e Grupos de idade. O número de entrevistas foi estabelecido com base em uma amostragem aleatória simples com um nível estimado de 95,45 % de confiança e uma margem de erro estimada de 3,2 pontos percentuais sobre os resultados encontrados no total da amostra. A distribuição amostral esperada é masculino 47%, feminino 53%; 16 a 24 anos 14%, 25 a 44 anos 40% ,45 a 59 anos 26% e 60 anos e mais 21%; até ensino fundamental 37%, ensino médio 42% e ensino superior 21%; renda familiar de até 2 salários mínimos 31%, de mais de 2 a 5 salários mínimos 41% e de mais de 5 mínimos 28%. Está prevista eventual ponderação para correção das variáveis demográficas e econômicas, com base nos percentuais anteriormente mencionados, caso ocorram diferenças superiores a 3 pontos percentuais entre o previsto na amostra e a coleta de dados realizada. Fontes dos Dados: IBGE, PNAD 2015, e TSE.";"Após as entrevistas, os questionários serão submetidos a uma fiscalização de cerca de 20% (vinte por cento) dos questionários aplicados pelos entrevistadores, para verificação das respostas e da adequação dos entrevistados aos parâmetros amostrais.";"A área física de realização da pesquisa é o Estado do Paraná. Os municípios nos quais serão realizadas as entrevistas serão informados após a conclusão do levantamento de campo."
"27/10/2022";"05:31:03";2022;9;"Eleições Gerais 2022";"PR";"PR";"PARANÁ";"PR003522022";"2022-07-18 21:20:45";"N";"11849437000110";"IPESPE INST DE PESQUISAS SOCIAIS POLITICAS E ECONOMICAS";"#NULO#";"Governador, Senador";"2022-07-19 00:00:00";"2022-07-21 00:00:00";1200;"5255 da 5a Região";"Joaquim André Harmes Figueiredo";"52800,00";"52800,00";"Pesquisa quantitativa, telefônica, através de entrevistas a pessoas às quais é aplicado um questionário estruturado. Essas pessoas constituem uma amostra representativa dos eleitores do estado do Paraná com acesso a telefone celular e/ou rede telefônica fixa (na residência ou no trabalho). As entrevistas serão realizadas por equipes de pesquisadores, com bastante experiência nesse tipo de trabalho, e especialmente treinados para esta pesquisa.";"Serão realizadas 1.200 entrevistas no estado do Paraná. Sendo 17% na capital, 15% na periferia e 68% no interior. No plano de amostragem utilizado para a estratificação são considerados os municípios, os sexos e as faixas etárias dos entrevistados. Inicialmente as unidades amostrais são os municípios e no estágio seguinte são os eleitores residentes nos municípios. Para a seleção dos entrevistados será utilizado o sistema de cotas amostrais segundo Sexo e Grupos de idade. O número de entrevistas foi estabelecido com base em uma amostragem aleatória simples com um nível estimado de 95,45 % de confiança e uma margem de erro estimada de 3,2 pontos percentuais sobre os resultados encontrados no total da amostra. A distribuição amostral esperada é masculino 47%, feminino 53%; 16 a 24 anos 14%, 25 a 44 anos 40% ,45 a 59 anos 26% e 60 anos e mais 21%; até ensino fundamental 37%, ensino médio 42% e ensino superior 21%; renda familiar de até 2 salários mínimos 31%, de mais de 2 a 5 salários mínimos 41% e de mais de 5 mínimos 28%. Está prevista eventual ponderação para correção das variáveis demográficas e econômicas, com base nos percentuais anteriormente mencionados, caso ocorram diferenças superiores a 3 pontos percentuais entre o previsto na amostra e a coleta de dados realizada. Fontes dos Dados: IBGE, PNAD 2015, e TSE.";"Após as entrevistas, os questionários serão submetidos a uma fiscalização de cerca de 20% (vinte por cento) dos questionários aplicados pelos entrevistadores, para verificação das respostas e da adequação dos entrevistados aos parâmetros amostrais.";"A área física de realização da pesquisa é o Estado do Paraná. Os municípios nos quais serão realizadas as entrevistas serão informados após a conclusão do levantamento de campo."
"27/10/2022";"05:31:03";2022;9;"Eleições Gerais 2022";"PR";"PR";"PARANÁ";"PR013382022";"2022-06-28 23:35:40";"N";"11849437000110";"IPESPE INST DE PESQUISAS SOCIAIS POLITICAS E ECONOMICAS";"#NULO#";"Governador, Senador";"2022-06-29 00:00:00";"2022-07-01 00:00:00";1000;"5255 da 5a Região";"Joaquim André Harmes Figueiredo";"48000,00";"48000,00";"Pesquisa quantitativa, telefônica, através de entrevistas a pessoas às quais é aplicado um questionário estruturado. Essas pessoas constituem uma amostra representativa dos eleitores do estado do Paraná com acesso a telefone celular e/ou rede telefônica fixa (na residência ou no trabalho). As entrevistas serão realizadas por equipes de pesquisadores, com bastante experiência nesse tipo de trabalho, e especialmente treinados para esta pesquisa.";"Serão realizadas 1000 entrevistas no estado do Paraná. Sendo 17% na capital, 15% na periferia e 68% no interior. No plano de amostragem utilizado para a estratificação são considerados os municípios, os sexos e as faixas etárias dos entrevistados. Inicialmente as unidades amostrais são os municípios e no estágio seguinte são os eleitores residentes nos municípios. Para a seleção dos entrevistados será utilizado o sistema de cotas amostrais segundo Sexo e Grupos de idade. O número de entrevistas foi estabelecido com base em uma amostragem aleatória simples com um nível estimado de 95,45 % de confiança e uma margem de erro estimada de 3,2 pontos percentuais sobre os resultados encontrados no total da amostra. A distribuição amostral esperada é masculino 47%, feminino 53%; 16 a 24 anos 14%, 25 a 44 anos 40% ,45 a 59 anos 26% e 60 anos e mais 21%; até ensino fundamental 37%, ensino médio 42% e ensino superior 21%; renda familiar de até 2 salários mínimos 31%, de mais de 2 a 5 salários mínimos 41% e de mais de 5 mínimos 28%. Está prevista eventual ponderação para correção das variáveis demográficas e econômicas, com base nos percentuais anteriormente mencionados, caso ocorram diferenças superiores a 3 pontos percentuais entre o previsto na amostra e a coleta de dados realizada. Fontes dos Dados: IBGE, PNAD 2015, e TSE.";"Após as entrevistas, os questionários serão submetidos a uma fiscalização de cerca de 20% (vinte por cento) dos questionários aplicados pelos entrevistadores, para verificação das respostas e da adequação dos entrevistados aos parâmetros amostrais.";"A área física de realização da pesquisa é o Estado do Paraná. Os municípios nos quais serão realizadas as entrevistas serão informados após a conclusão do levantamento de campo."
"27/10/2022";"05:31:03";2022;9;"Eleições Gerais 2022";"PR";"PR";"PARANÁ";"PR062642022";"2022-09-19 16:51:35";"N";"19812752000185";"IVANI MOTA DE ARAUJO";"BRASIL DADOS";"Governador, Senador, Deputado Federal, Deputado Estadual";"2022-09-20 00:00:00";"2022-09-23 00:00:00";1200;"6708";"LUIZ GONZAGA DE SOUZA DUTRA";"23500,00";"23500,00";"Pesquisa quantitativa, que consiste na realização de entrevistas pessoais, com a aplicação de 
questionário estruturado junto a uma amostra representativa do eleitorado (16 e +) e votante 
no Estado do Paraná";"Pesquisa quantitativa, que consiste na realização de entrevistas via Face-To-Face(presencial), 
com a aplicação de questionário estruturado junto a uma amostra representativa do 
eleitorado em estudo.
Representativo do eleitorado da área em estudo, elaborada em três estágios. 
No primeiro estágio faz-se um sorteio probabilístico dos (Mesorregião, Microrregião, 
Municípios), onde as entrevistas serão realizadas, pelo método PPT (Probabilidade 
Proporcional ao Tamanho),
O Segundo estágio o sorteio nos (Subdistritos ou Distritos ou Bairros) nos Municípios com PPT 
e tomando a população de Eleitores com 16 anos ou mais residente nos mesmos, como base 
para tal seleção. 
No Terceiro e último estágio, dentro dos Municípios e (Subdistritos ou Distritos ou Bairros) 
sorteados, os respondentes são selecionados através de quotas amostrais proporcionais em 
função de variáveis significativas, a saber:
SEXO: Masculino (47,4%), Feminino (52,6%)
IDADE: 16-24 (12,9%); 25-34 (20,1%); 35-44 (19,6%); 45-59 (25,9%); 60 E+ (21,5%);
INSTRUÇÃO: AT FUNDAMENTAL INCOMPLETO/COMPLETO (38,9%); MÉDIO 
INCOMPLETO/COMPLETO (37,5%); SUPERIOR INCOMPLETO/COMPLETO (23,6%)
RENDA DOMICILIAR: ATÉ 2 SM (35,7%); ACIMA DE 2 ATÉ 5 SM (33,3%); ACIMA DE 5 SM (31%)
O erro máximo é de 2,83 pontos percentuais para mais ou menos em cada percentual, 
considerando um intervalo de confiança de 95%, caso ocorram diferenças superiores a 2,83
pontos percentuais entre o previsto na amostra e a coleta de dados realizada. 
FONTE DOS DADOS: 
IBGE (PNADC 2022-MICRODADOS) - Renda Domiciliar e Instrução
TSE 2022 ? Sexo e Faixa Etária.";"Para a realização da pesquisa, utiliza-se uma equipe de entrevistadores e supervisores 
contratados pela Empresa, devidamente treinados para o trabalho. Após os trabalhos de 
campo, os questionários são submetidos a uma fiscalização de cerca de 20% (vinte por cento) 
dos questionários aplicados pelos entrevistadores. para verificação das respostas e da 
adequação dos entrevistados aos parâmetros amostrais.
";"#NULO#"
"27/10/2022";"05:31:03";2022;9;"Eleições Gerais 2022";"PR";"PR";"PARANÁ";"PR002692022";"2022-09-22 22:05:24";"S";"15293191000102";"W J MENDES PESQUISAS - EIRELI";"ALVORADA PESQUISA";"Governador, Senador";"2022-09-23 00:00:00";"2022-09-26 00:00:00";1500;"9063-A";"LINIANE GAZOLA";"50000,00";"50000,00";"A Alvorada Pesquisas realizará este trabalho tendo por base a metodologia de pesquisa quantitativa, não aleatória, por amostragem representativa do eleitorado, com entrevistas pessoais através de questionário padronizado e estruturado, com a apresentação de disco, para a coleta no Estado do Paraná. ";"Pesquisa junto a eleitores maiores de 16 anos de idade residentes no Estado do Paraná. O plano amostral é formado por variáveis representativas do eleitorado quanto a sexo, idade, grau de instrução e nível econômico. As entrevistas serão realizadas pelo método PPT (Probabilidade Proporcional ao Tamanho). As variáveis das amostras seguem os parâmetros encontrados nos bancos estatísticos atualizados e disponibilizados pelo TSE ago/2022 (Sexo, Idade e Grau de Instrução), IBGE Censo 2010 (Classe de Rendimento Mensal Domiciliar: https://cidades.ibge.gov.br/brasil/pr/pesquisa/23/24304): SEXO Amostra Masculino: 47,40%; Feminino: 52,60%; Total da amostra 100%. IDADE Amostra 16-17 anos: 1,10%; 18-24 anos: 11,90%; 25-34 anos: 20,00%; 35-44 anos: 19,60%; 45-59 anos: 25,90%; mais de 60 anos: 21,50%. Total da amostra 100%. GRAU DE INSTRUÇÃO Amostra analfabeto: 2,40%; lê e escreve, fundamental incompleto e completo: 34,70%; médio incompleto e completo: 41,60%; superior incompleto e completo: 21,30%. Total da amostra 100%. NÍVEL ECONÔMICO DOMICILIAR Sem renda até 1 salário mínimo (0 até R$ 1.212,00) 14,2%; mais de 1 A 2 salários mínimos (R$ 1.212,01 a 2.424,00) 21,8%; mais de 2 a 5 salários mínimos (R$ 2.424,01 a 6.060,00) 39,3%; mais de 5 salários mínimos (+ R$ 6.060,01) 24,7%. Total da amostra: 100%. O intervalo de confiança projetado para esta pesquisa é de 95,0% e a margem de erro estimada em 2,5% para o total da amostra, considerando a variância máxima igual a p=0,50. Os dados da coleta em relação a grau de instrução e nível econômico têm ponderação igual a 1.";"A coleta de dados é feita por entrevistadores da Alvorada Pesquisas, devidamente treinados para pesquisa de opinião. A fiscalização de campo é realizada por supervisor, que acompanha o trabalho. Os questionários, após a conclusão da coleta, são criticados e revisados na totalidade pelos supervisores internos. O trabalho de controle, verificação e conferência é realizado por programação informatizada no Centro de Processamento de Dados da empresa. ";"A área de abrangência da coleta é formada pelo Estado do Paraná. A relação dos municípios e setores selecionados para aplicação da amostra será apresentada dentro do prazo estabelecido, conforme §7º do art. 2º da Resolução-TSE nº. 23.600/2019."
"27/10/2022";"05:31:03";2022;9;"Eleições Gerais 2022";"PR";"PR";"PARANÁ";"PR080312022";"2022-05-13 21:47:30";"S";"10175063000132";"IRG PESQUISA LTDA";"IRG CONSULTORIA";"Governador, Senador";"2022-05-14 00:00:00";"2022-05-17 00:00:00";1500;"7520-A";" Dinarte Orlandi";"18000,00";"18000,00";"Pesquisa quantitativa, com a realização de entrevistas telefônicas utilizando questionário estruturado junto a uma amostra representativa do eleitorado do Estado do Paraná.";"A amostra desta pesquisa será de 1.500 entrevistas distribuída da seguinte forma: 
GÊNERO (SEXO): Homens: 47% e Mulheres: 53%.
FAIXA ETÁRIA (IDADE): Entre 16 e 24 anos: 13%; Entre 25 e 34 anos: 20%; Entre 35 e 44 anos: 20%; Entre 45 e 59 anos: 26% e com 60 anos ou mais: 21%.
GRAU DE INSTRUÇÃO (ESCOLARIDADE): Analfabeto até ensino fundamental completo: 37%, Ensino médio completo e incompleto: 41% e Ensino superior completo e incompleto: 22%.
NIVEL ECONÔMICO (RENDA DOMICILIAR MENSAL): Sem Rendimentos até 2 SM: 36%; Mais de 2 a 5 SM: 39% e Mais de 5 SM: 25%.
Está prevista eventual ponderação para correção das variáveis sexo, idade, escolaridade e nível econômico, com base nos percentuais acima apresentados, caso ocorram diferenças superiores a 3% (três) pontos percentuais entre o previsto na amostra e a coleta realizada. 
O intervalo de confiança de 95% (noventa e cinco por cento) para uma margem de erro de 2,5% (dois virgula cinco) pontos percentuais para mais ou para menos sobre os resultados obtidos. 
Fontes: Sexo, Idade, Grau de Instrução no TSE (Abril/2022) e Renda no IBGE (https://cidades.ibge.gov.br/brasil/pr/pesquisa/23/24304)
";"As entrevistas serão realizadas por uma equipe de entrevistadores e supervisores devidamente qualificada pela IRG Pesquisa, com experiência e treinamento em pesquisa de opinião pública. No decorrer do trabalho, os questionários aplicados serão fiscalizados em cerca de 20% para verificação quanto ao cuidado na sua aplicação bem como a adequação do entrevistado às variáveis das cotas amostrais";"A relação das localidades encontra-se em anexo, conforme §7º. do art. 2º. da Resolução-TSE nº. 23.600/2019"
"27/10/2022";"05:31:03";2022;9;"Eleições Gerais 2022";"PR";"PR";"PARANÁ";"PR092982022";"2022-03-30 00:00:00";"S";"10175063000132";"IRG PESQUISA LTDA";"IRG CONSULTORIA";"Governador";"2022-03-31 00:00:00";"2022-04-03 00:00:00";1500;"7520-A";"Dinarte Orlandi";"18000,00";"18000,00";"Pesquisa quantitativa, com a realização de entrevistas telefônicas utilizando questionário estruturado junto a uma amostra representativa do eleitorado do Estado do Paraná.";"A amostra desta pesquisa será de 1.500 entrevistas, distribuídas da seguinte forma: 
GÊNERO (SEXO): Homens: 47% e Mulheres: 53%.
FAIXA ETÁRIA (IDADE): Entre 16 e 24 anos: 12%; Entre 25 e 34 anos: 20%; Entre 35 e 44 anos: 20%; Entre 45 e 59 anos: 27% e com 60 anos ou mais: 21%.
GRAU DE INSTRUÇÃO (ESCOLARIDADE): Analfabeto até ensino fundamental completo: 38%, Ensino médio completo e incompleto: 41% e Ensino superior completo e incompleto: 21%.
NIVEL ECONÔMICO (RENDA DOMICILIAR MENSAL): Sem rendimentos até 2 salários-mínimos: 36%; Mais de 2 a 5 salários-mínimos: 39% e Mais de 5 salários-mínimos: 25%.
Está prevista eventual ponderação para correção das variáveis gênero (sexo), faixa etária (idade), grau de instrução (escolaridade) e nível econômico (renda domiciliar mensal), com base nos percentuais acima apresentados, caso ocorram diferenças superiores a 3% (três) pontos percentuais entre o previsto na amostra e a coleta realizada. 
O intervalo de confiança de 95% (noventa e cinco por cento) para uma margem de erro de 2,5% (dois virgula cinco) pontos percentuais para mais ou para menos sobre os resultados obtidos. 
Fontes: Gênero (sexo), Faixa Etária (idade), Grau de Instrução (escolaridade) TSE (Fevereiro/2022) e Nível Econômico (renda domiciliar mensal) IBGE (https://cidades.ibge.gov.br/brasil/pr/pesquisa/23/24304)
";"As entrevistas serão realizadas por uma equipe de entrevistadores e supervisores devidamente qualificada pela IRG Pesquisa, com experiência e treinamento em pesquisa de opinião pública. No decorrer do trabalho, os questionários aplicados serão fiscalizados em cerca de 20% para verificação quanto ao cuidado na sua aplicação bem como a adequação do entrevistado às variáveis das cotas amostrais.";"A relação das localidades encontra-se em anexo, conforme §7º. do art. 2º. da Resolução-TSE nº. 23.600/2019"
"27/10/2022";"05:31:03";2022;9;"Eleições Gerais 2022";"PR";"PR";"PARANÁ";"PR096962022";"2022-08-30 19:35:02";"S";"00481961000165";"RADAR INTELIGENCIA - EIRELI";"RADAR ESTATISTICA";"Governador, Senador";"2022-08-29 00:00:00";"2022-09-03 00:00:00";1350;"7520 - A";"Dinarte Orlandi";"33750,00";"33750,00";"Pesquisa quantitativa que consiste na realização de entrevistas pessoais, com aplicação de questionários estruturados e padronizados junto a uma amostra representativa de eleitorado em estudo (Estado do Paraná).";"A amostra desta pesquisa será de 1.350 entrevistas, distribuídas da seguinte forma: 
Sexo - masculino: 47%, feminino: 53%;
Idade - 16 a 24 anos: 13%, 25 a 34 anos: 20%, 35 a 44 anos: 20%, 45 a 59 anos: 26%, mais de 59 anos: 21% ; 
Grau de Instrução ¿ De analfabeto até ensino fundamental completo: 37%, Ensino médio completo e incompleto: 42%, Ensino Superior completo e incompleto: 21%; 
Nível Econômico -  Sem rendimento até 2 salários mínimos: 36%, de 2 a 5 salários mínimos: 39%, mais de 5 salários mínimos: 25%. 
Está prevista ponderação das variáveis sexo, faixa etária, grau de instrução e nível econômico, caso ocorram diferenças superior a margem de erro de 2.7 % entre os resultados obtidos em campo e os percentuais previstos para a amostra. O intervalo de confiança é de 95%, e a margem de erro é de 2,7 pontos percentuais para mais ou para menos. Fontes: Sexo, Idade, Grau de Instrução (TSE/JULHO 2022) e nível econômico (IBGE - https://cidades.ibge.gov.br/brasil/pr/pesquisa/23/24304).
";"Todas as entrevistas serão conferidas individualmente, criticadas por um profissional responsável pelo controle de qualidade da empresa e posteriormente tabuladas em um software especifico para este fim. Todo o trabalho de coleta de dados (entrevistas) será devidamente coordenado e fiscalizado por um profissional treinado com esse objetivo. Utilizaremos grades de cotas de sexo, idade, grau de instrução e nível econômico proporcionalmente, de acordo com o perfil do eleitor do universo pesquisado. Serão checados 20% dos questionários, por telefone, solicitado junto ao respondente no momento da entrevista, com sua plena concordância.";"A relação das localidades selecionadas para aplicação da amostra será apresentada até o dia seguinte ao registro da pesquisa, conforme expresso no art. 2º, §7º da Resolução 23.600/2019 do TSE."
"27/10/2022";"05:31:03";2022;9;"Eleições Gerais 2022";"PR";"PR";"PARANÁ";"PR026442022";"2022-02-25 00:00:00";"S";"00481961000165";"RADAR INTELIGENCIA - EIRELI";"RADAR ESTATISTICA";"Presidente, Governador";"2022-02-25 00:00:00";"2022-03-03 00:00:00";1350;"8159 A";"Jose Mario Lima";"5000,00";"5000,00";"Pesquisa quantitativa que consiste na realização de entrevistas pessoais, com aplicação de questionários estruturados e padronizados junto a uma amostra representativa de eleitorado em estudo (Estado do Paraná).";"A amostra desta pesquisa será de 1.350 entrevistas, distribuídas da seguinte forma: 
Sexo - masculino: 47%, feminino: 53%;
Idade - 16 a 24 anos: 12%, 25 a 34 anos: 20%, 35 a 44 anos: 20%, 45 a 59 anos: 27%, mais de 59 anos: 21% ; 
Grau de Instrução ¿ De analfabeto até ensino fundamental completo: 38%, Ensino médio completo e incompleto: 41%, Ensino Superior completo e incompleto: 21%; 
Nível Econômico -  Sem rendimento até 2 salários mínimos: 36%, de 2 a 5 salários mínimos: 39%, mais de 5 salários mínimos: 25%. 
Está prevista ponderação das variáveis sexo, faixa etária, grau de instrução e nível econômico, caso ocorram diferenças superior a margem de erro de 2.7 % entre os resultados obtidos em campo e os percentuais previstos para a amostra. O intervalo de confiança é de 95%, e a margem de erro é de 2,7 pontos percentuais para mais ou para menos. Fontes: Sexo, Idade, Grau de Instrução (TSE/Janeiro 2022) e nível econômico (IBGE - https://cidades.ibge.gov.br/brasil/pr/pesquisa/23/24304).
";"Todas as entrevistas serão conferidas individualmente, criticadas por um profissional responsável pelo controle de qualidade da empresa e posteriormente tabuladas em um software especifico para este fim. Todo o trabalho de coleta de dados (entrevistas) será devidamente coordenado e fiscalizado por um profissional treinado com esse objetivo. Utilizaremos grades de cotas de sexo, idade, grau de instrução e nível econômico proporcionalmente, de acordo com o perfil do eleitor do universo pesquisado. Serão checados 20% dos questionários, por telefone, solicitado junto ao respondente no momento da entrevista, com sua plena concordância.";"A relação das localidades encontra-se em anexo, conforme expresso no art. 2º, §7º da Resolução 23.600/2019 do TSE."
"27/10/2022";"05:31:03";2022;9;"Eleições Gerais 2022";"PR";"PR";"PARANÁ";"PR002492022";"2022-09-25 22:49:07";"S";"19259002000128";"NERVERA SERVICOS DE INFORMATICA LTDA";"NERVERA";"Governador, Senador, Deputado Federal";"2022-09-26 00:00:00";"2022-09-29 00:00:00";1600;"11.037";"Gabrielle Alves Palermo Cavalcante";"35000,00";"35000,00";"Pesquisa quantitativa com coleta aleatória via questionário estruturado web e pós-estratificação da amostra de acordo com as características do eleitorado do Paraná. 
";"Amostra aleatória pós-estratificada via algoritmo iterativo utilizando-se quotas amostrais proporcionais representativas, em função das características do eleitorado do PR: SEXO: Masculino - 47%; Feminino - 53%. FAIXA ETÁRIA: Entre 16 e 24 anos: 13%; Entre 25 e 34 anos: 20%; Entre 35 e 44 anos: 20%; Entre 45 e 59 anos: 26%; 60 anos ou mais: 21%. ESCOLARIDADE: Ensino Fundamental completo ou incompleto e eleitores sem educação formal: 37%; Ensino Médio completo ou incompleto: 36%; Ensino Superior completo ou incompleto: 27%. NÍVEL ECONÔMICO: Renda familiar mensal até R$2000: 22%; Mais de R$2.000 a R$3.000: 18%; Mais de R$3.000 a R$5.000: 28%; Mais de R$5.000 a R$10.000: 22%; Mais de R$10.000: 10%. OBS.: devido ao arredondamento, a soma dos percentuais pode variar de 99% a 101%. Na agregação final, para cada variável de ponderação serão admissíveis desvios de até até 2,5 pontos percentuais em relação as quotas estipuladas. O nível de confiança estimado é de 95% para uma margem de erro de +/- 2,5 pontos percentuais. FONTE DOS DADOS: PNADC 2021 para as cotas de escolaridade e nível econômico | TSE 2022 para as cotas de sexo e faixa etária.";"Coleta feita com a utilização de questionário eletrônico com procedimentos específicos para o armazenamento seguro dos dados. São checados manualmente no mínimo 15% dos questionários para detectar possíveis anomalias. Pesquisadores especializados realizam internamente uma verificação exaustiva da consistência dos dados antes da divulgação dos resultados finais.
";"Conforme previsto no art. 2º, da Resolução 23.600, de 12 de dezembro de 2019, o registro da pesquisa é complementado com os dados relativos aos municípios e bairros abrangidos pela pesquisa.
"
"27/10/2022";"05:31:03";2022;9;"Eleições Gerais 2022";"PR";"PR";"PARANÁ";"PR088532022";"2022-09-03 22:44:41";"N";"19259002000128";"NERVERA SERVICOS DE INFORMATICA LTDA";"NERVERA";"Governador, Senador";"2022-09-04 00:00:00";"2022-09-08 00:00:00";1600;"11.037";"Gabrielle Alves Palermo Cavalcante";"25000,00";"25000,00";"Pesquisa quantitativa com coleta aleatória via questionário estruturado web e pós-estratificação da amostra de acordo com as características do eleitorado do Paraná.
";"Amostra aleatória pós-estratificada via algoritmo iterativo utilizando-se quotas amostrais proporcionais representativas, em função das características do eleitorado do PR: SEXO: Masculino - 47%; Feminino - 53%. FAIXA ETÁRIA: Entre 16 e 24 anos: 13%; Entre 25 e 34 anos: 20%; Entre 35 e 44 anos: 20%; Entre 45 e 59 anos: 26%; 60 anos ou mais: 21%. ESCOLARIDADE: Ensino Fundamental completo ou incompleto e eleitores sem educação formal: 37%; Ensino Médio completo ou incompleto: 36%; Ensino Superior completo ou incompleto: 27%. NÍVEL ECONÔMICO: Renda familiar mensal até R$2000: 27%; Mais de R$2.000 a R$3.000: 19%; Mais de R$3.000 a R$5.000: 26%; Mais de R$5.000 a R$10.000: 19%; Mais de R$10.000: 9%. OBS.: devido ao arredondamento, a soma dos percentuais pode variar de 99% a 101%. Na agregação final, para cada variável de ponderação serão admissíveis desvios de até 2.5 pontos percentuais em relação as quotas estipuladas. O nível de confiança estimado é de 95% para uma margem de erro de +/- 2.5 pontos percentuais. FONTE DOS DADOS: PNADC 2021 para as cotas de escolaridade e nível econômico | TSE 2022 para as cotas de sexo e faixa etária.
";"Coleta feita com a utilização de questionário eletrônico com procedimentos específicos para o armazenamento seguro dos dados. São checados manualmente no mínimo 15% dos questionários para detectar possíveis anomalias. Pesquisadores especializados realizam internamente uma verificação exaustiva da consistência dos dados antes da divulgação dos resultados finais.
";"Conforme previsto no art. 2º, da Resolução 23.600, de 12 de dezembro de 2019, o registro da pesquisa é complementado com os dados relativos aos municípios e bairros abrangidos pela pesquisa.
"
"27/10/2022";"05:31:03";2022;9;"Eleições Gerais 2022";"PR";"PR";"PARANÁ";"PR065432022";"2022-05-13 10:03:13";"N";"19812752000185";"IVANI MOTA DE ARAUJO";"BRASIL DADOS";"Governador, Senador, Deputado Federal, Deputado Estadual";"2022-05-14 00:00:00";"2022-05-20 00:00:00";1080;"6708";"LUIZ GONZAGA S DUTRA";"7200,00";"7200,00";"Pesquisa quantitativa que consiste na realização de entrevistas pessoais, com a aplicação de 
questionário estruturado junto a uma amostra representativa do eleitorado (16 anos e +) e 
votante especificamente da Mesorregião do Oeste Paranaense, no Estado do Paraná.
";"Pesquisa quantitativa que consiste na realização de entrevistas via Face-To-Face (presencial), 
com a aplicação de questionário estruturado junto a uma amostra representativa do eleitorado 
em estudo.
Representativo do eleitorado da área em estudo, elaborada em três estágios. 
No primeiro estágio, faz-se um sorteio probabilístico dos municípios, onde as entrevistas serão 
realizadas pelo método PPT (Probabilidade Proporcional ao Tamanho).
No segundo estágio, faz-se um sorteio PPT de (Subdistritos ou Distritos ou Bairros) nos 
Municípios com PPT, tomando-se a população de Eleitores com 16 anos ou mais residentes nos 
mesmos, como base para tal seleção. 
No terceiro e último estágio, dentro dos Municípios e (Subdistritos ou Distritos ou Bairros) 
sorteados, os respondentes são selecionados através de quotas amostrais proporcionais em 
função de variáveis significativas, a saber:
SEXO: Masculino (47%), Feminino (53%)
IDADE: 16-24 (13%); 25-34 (21%); 35-44 (19%); 45-59 (27%); 60 mais anos (20%);
INSTRUÇÃO: ATÉ O ENSINO FUNDAMENTAL INCOMPLETO/COMPLETO (40,2%); MÉDIO 
INCOMPLETO/COMPLETO (35,4%); SUPERIOR INCOMPLETO/COMPLETO (24,4%);
RENDA DOMICILIAR: ATÉ 2 SM (48,4%); ACIMA DE 2 ATÉ 5 SM (31,4%); ACIMA DE 5 SM (20,2%).
O erro máximo é de 2,98 pontos percentuais para mais ou menos em cada percentual, 
considerando um intervalo de confiança de 95%, caso ocorram diferenças superiores a 2,98
pontos percentuais entre o previsto na amostra e a coleta de dados realizada. 
FONTE DOS DADOS: 
IBGE (PNADC 2020-MICRODADOS) - Renda Domiciliar e Instrução
TSE 2022 ¿ Sexo e Faixa Etária.
";"Para a realização da pesquisa, utiliza-se uma equipe de entrevistadores e supervisores 
contratados pela Empresa, devidamente treinados para o trabalho. Após os trabalhos de campo, 
os questionários são submetidos a uma fiscalização de cerca de 20% (vinte por cento) do total 
dos questionários aplicados pelos entrevistadores, para verificação das respostas e da 
adequação dos entrevistados aos parâmetros amostrais.";"#NULO#"
"27/10/2022";"05:31:03";2022;9;"Eleições Gerais 2022";"PR";"PR";"PARANÁ";"PR024982022";"2022-06-11 11:57:03";"N";"81908345000140";"INSTITUTO PARANA DE PESQUISAS E ANALISE DE CONSUMIDOR LTDA";"#NULO#";"Governador";"2022-06-12 00:00:00";"2022-06-16 00:00:00";1540;"10245 - 4ª Região";"Tatiani Cristina Ara";"15000,00";"15000,00";"Pesquisa com metodologia quantitativa, com a realização de entrevistas pessoais, utilizando questionário estruturado junto a uma amostra representativa do eleitorado do Estado do Paraná. 


";"""A amostra será representativa do eleitorado da área pesquisada e será selecionada em três etapas. Na primeira etapa realiza-se um sorteio probabilístico dos municípios onde as entrevistas serão realizadas através do método PPT (Probabilidade Proporcional ao Tamanho), considerando a população eleitora com 16 anos ou mais residente nos municípios como base para essa seleção. Na segunda etapa, faz-se um sorteio probabilístico das localidades, onde as entrevistas serão realizadas, através do método PPT (Probabilidade Proporcional ao Tamanho), tomando a população eleitora de 16 anos ou mais residente nas localidades como base para essa seleção. Na terceira etapa, a seleção do entrevistado dentro da localidade, será feita utilizando-se quotas amostrais proporcionais, em função das seguintes variáveis:
GÊNERO:
Masculino - 47%;
Feminino - 53% |
FAIXA ETÁRIA:
Entre 16 e 24 anos: 14%;
Entre 25 e 34 anos: 20%;
Entre 35 e 44 anos: 19%;
Entre 45 e 59 anos: 26%;
Com 60 anos ou mais: 21% |
ESCOLARIDADE:
De analfabeto até ensino fundamental completo: 37%;
Ensino médio incompleto ou completo: 42%
Ensino superior incompleto ou completo: 21% |
RENDA DOMICILIAR MENSAL:
Sem rendimentos até 2 salários mínimos: 36%
Mais de 2 a 5 salários mínimos: 39%
Mais de 5 salários mínimos: 25%
Está prevista eventual ponderação para correção das variáveis gênero e faixa etária, com base nos percentuais acima apresentados, caso ocorram diferenças superiores a 3,0 (três) pontos percentuais entre o previsto na amostra e a coleta realizada, para as variáveis escolaridade e  renda domiciliar mensal, o fator de ponderação é igual a 1, (resultados obtidos no campo). O nível de confiança estimado é de 95% (noventa e cinco por cento) para uma margem de erro estimada, considerando uma técnica de amostragem aleatória simples, de aproximadamente 2,5 (dois vírgula cinco pontos percentuais para mais ou para menos sobre os resultados obtidos. Fonte de Dados: IBGE Censo 2010 e TSE - Maio 2022.""





";"As entrevistas serão realizadas por uma equipe de entrevistadores e supervisores devidamente qualificada pelo Instituto Paraná Pesquisas, com experiência e treinamento em pesquisas de opinião pública. No decorrer do trabalho de coleta de dados, os questionários aplicados, serão auditados em no mínimo 20% (vinte por cento) para verificação quanto ao cuidado na sua aplicação, bem como a adequação do entrevistado às variáveis das quotas amostrais.





";" ""A pesquisa será realizada no Estado do Paraná., a relação dos municípios  selecionados para a pesquisa será apresentado até o dia seguinte à data a partir da qual a pesquisa puder ser divulgada, conforme §7º do art. 2º da Resolução-TSE nº. 23.600/2019""





"
"27/10/2022";"05:31:03";2022;9;"Eleições Gerais 2022";"PR";"PR";"PARANÁ";"PR074402022";"2022-09-14 17:06:08";"N";"81908345000140";"INSTITUTO PARANA DE PESQUISAS E ANALISE DE CONSUMIDOR LTDA";"#NULO#";"Governador, Senador";"2022-09-15 00:00:00";"2022-09-19 00:00:00";1540;"10245 - 4ª Região";"Tatiani Cristina Ara";"90000,00";"90000,00";"Pesquisa com metodologia quantitativa, com a realização de entrevistas pessoais, utilizando questionário estruturado junto a uma amostra representativa do eleitorado do Estado do Paraná. 


";"""A amostra será representativa do eleitorado da área pesquisada e será selecionada em três etapas. Na primeira etapa realiza-se um sorteio probabilístico dos municípios onde as entrevistas serão realizadas através do método PPT (Probabilidade Proporcional ao Tamanho), considerando a população eleitora com 16 anos ou mais residente nos municípios como base para essa seleção. Na segunda etapa, faz-se um sorteio probabilístico das localidades, onde as entrevistas serão realizadas, através do método PPT (Probabilidade Proporcional ao Tamanho), tomando a população eleitora de 16 anos ou mais residente nas localidades como base para essa seleção. Na terceira etapa, a seleção do entrevistado dentro da localidade, será feita utilizando-se quotas amostrais proporcionais, em função das seguintes variáveis:
GÊNERO:
Masculino - 47%;
Feminino - 53% |
FAIXA ETÁRIA:
Entre 16 e 24 anos: 13%;
Entre 25 e 34 anos: 20%;
Entre 35 e 44 anos: 20%;
Entre 45 e 59 anos: 26%;
Com 60 anos ou mais: 21% |
ESCOLARIDADE:
De analfabeto até ensino fundamental completo: 37%;
Ensino médio incompleto ou completo: 42%
Ensino superior incompleto ou completo: 21% |
RENDA DOMICILIAR MENSAL:
Sem rendimentos até 2 salários mínimos: 36%
Mais de 2 a 5 salários mínimos: 39%
Mais de 5 salários mínimos: 25%
Está prevista eventual ponderação para correção das variáveis gênero e faixa etária, com base nos percentuais acima apresentados, caso ocorram diferenças superiores a 3,0 (três) pontos percentuais entre o previsto na amostra e a coleta realizada, para as variáveis escolaridade e  renda domiciliar mensal, o fator de ponderação é igual a 1, (resultados obtidos no campo). O nível de confiança estimado é de 95% (noventa e cinco por cento) para uma margem de erro estimada, considerando uma técnica de amostragem aleatória simples, de aproximadamente 2,5 (dois vírgula cinco) pontos percentuais para mais ou para menos sobre os resultados obtidos. Fonte de Dados: IBGE Censo 2010 e TSE - Agosto 2022.""





";"As entrevistas serão realizadas por uma equipe de entrevistadores e supervisores devidamente qualificada pelo Instituto Paraná Pesquisas, com experiência e treinamento em pesquisas de opinião pública. No decorrer do trabalho de coleta de dados, os questionários aplicados, serão auditados em no mínimo 20% (vinte por cento) para verificação quanto ao cuidado na sua aplicação, bem como a adequação do entrevistado às variáveis das quotas amostrais.





";" ""A pesquisa será realizada no Estado do Paraná., a relação dos municípios  selecionados para a pesquisa será apresentado até o dia seguinte à data a partir da qual a pesquisa puder ser divulgada, conforme §7º do art. 2º da Resolução-TSE nº. 23.600/2019""





"
"27/10/2022";"05:31:03";2022;9;"Eleições Gerais 2022";"PR";"PR";"PARANÁ";"PR041472022";"2022-09-23 20:53:27";"N";"81908345000140";"INSTITUTO PARANA DE PESQUISAS E ANALISE DE CONSUMIDOR LTDA";"#NULO#";"Governador, Senador";"2022-09-24 00:00:00";"2022-09-28 00:00:00";1540;"10245 - 4ª Região";"Tatiani Cristina Ara";"90000,00";"90000,00";"Pesquisa com metodologia quantitativa, com a realização de entrevistas pessoais, utilizando questionário estruturado junto a uma amostra representativa do eleitorado do Estado do Paraná. 


";"""A amostra será representativa do eleitorado da área pesquisada e será selecionada em três etapas. Na primeira etapa realiza-se um sorteio probabilístico dos municípios onde as entrevistas serão realizadas através do método PPT (Probabilidade Proporcional ao Tamanho), considerando a população eleitora com 16 anos ou mais residente nos municípios como base para essa seleção. Na segunda etapa, faz-se um sorteio probabilístico das localidades, onde as entrevistas serão realizadas, através do método PPT (Probabilidade Proporcional ao Tamanho), tomando a população eleitora de 16 anos ou mais residente nas localidades como base para essa seleção. Na terceira etapa, a seleção do entrevistado dentro da localidade, será feita utilizando-se quotas amostrais proporcionais, em função das seguintes variáveis:
GÊNERO:
Masculino - 47%;
Feminino - 53% |
FAIXA ETÁRIA:
Entre 16 e 24 anos: 13%;
Entre 25 e 34 anos: 20%;
Entre 35 e 44 anos: 20%;
Entre 45 e 59 anos: 26%;
Com 60 anos ou mais: 21% |
ESCOLARIDADE:
De analfabeto até ensino fundamental completo: 37%;
Ensino médio incompleto ou completo: 42%
Ensino superior incompleto ou completo: 21% |
RENDA DOMICILIAR MENSAL:
Sem rendimentos até 2 salários mínimos: 36%
Mais de 2 a 5 salários mínimos: 39%
Mais de 5 salários mínimos: 25%
Está prevista eventual ponderação para correção das variáveis gênero e faixa etária, com base nos percentuais acima apresentados, caso ocorram diferenças superiores a 3,0 (três) pontos percentuais entre o previsto na amostra e a coleta realizada, para as variáveis escolaridade e  renda domiciliar mensal, o fator de ponderação é igual a 1, (resultados obtidos no campo). O nível de confiança estimado é de 95% (noventa e cinco por cento) para uma margem de erro estimada, considerando uma técnica de amostragem aleatória simples, de aproximadamente 2,6 (dois vírgula seis) pontos percentuais para mais ou para menos sobre os resultados obtidos. Fonte de Dados: IBGE Censo 2010 e TSE - Agosto 2022.""





";"As entrevistas serão realizadas por uma equipe de entrevistadores e supervisores devidamente qualificada pelo Instituto Paraná Pesquisas, com experiência e treinamento em pesquisas de opinião pública. No decorrer do trabalho de coleta de dados, os questionários aplicados, serão auditados em no mínimo 20% (vinte por cento) para verificação quanto ao cuidado na sua aplicação, bem como a adequação do entrevistado às variáveis das quotas amostrais.





";" ""A pesquisa será realizada no Estado do Paraná., a relação dos municípios  selecionados para a pesquisa será apresentado até o dia seguinte à data a partir da qual a pesquisa puder ser divulgada, conforme §7º do art. 2º da Resolução-TSE nº. 23.600/2019""





"
"27/10/2022";"05:31:03";2022;9;"Eleições Gerais 2022";"PR";"PR";"PARANÁ";"PR098942022";"2022-08-25 22:01:51";"S";"18697679000185";"OPINIAO ESTATISTICA EIRELI";"INSTITUTO OPINIAO";"Governador, Senador";"2022-08-26 00:00:00";"2022-08-30 00:00:00";1200;"10752";"CLAUDIO RUI DOS SANTOS E SILVA";"30000,00";"30000,00";"Pesquisa quantitativa, amostral, domiciliar. Entrevistas individuais com questionários estruturados.";"Universo: Eleitores do Paraná. Segundo o TSE, para julho de 2022, existem 8.475.632 eleitores (unidades amostrais) no estado (https://sig.tse.jus.br/ords/dwapr/seai/r/sig-eleitor-eleitorado-mensal/home?p0_uf=PR&session=11646909211616).
Plano amostral: Estratificação em áreas fixadas pelo Instituto. 1.200 entrevistas alocadas nos estratos proporcionalmente ao no. de eleitores. Seleção em 3 estágios: 1) Amostragem Aleat por Conglomerados (setores censitários do IBGE em 2020); 2) Amostragem Aleat Sistemática, com intervalo de amostragem fixo, nos domicílios dos conglomerados sorteados. 3) Amostragem Aleat Simples dos eleitores no domicílio sorteado. Distribuindo os eleitores nos domicílios em cada estrato h (Nh/Dh), a probabilidade de inclusão de um eleitor é de Dh.ch/(Nh.(K+1).Ch); Nh-total de eleitores; Dh-total de domicílios; ch-número de conglomerados sorteados; K-intervalo de amostragem e; Ch-total de conglomerados.
Estimadores, margem de erro e confiança:
Para margem de erro e nível de confiança utilizou-se estimadores de proporção. Para confiança de 95%, a margem de erro é de 2,9%.
Ponderações: Sexo: 52,6%-feminino e 47,4%-masculino (https://sig.tse.jus.br/ords/dwapr/seai/r/sig-eleitor-eleitorado-mensal/genero?session=11646909211616). Faixa etária: 1,1%-16 ou 17; 11,9%-18 a 24; 20,0%-25 a 34; 19,6%-35 a 44; 25,9%-45 a 59 e 21,5%-60 anos em diante (https://sig.tse.jus.br/ords/dwapr/seai/r/sig-eleitor-eleitorado-mensal/faixa-et%C3%A1ria?session=3371030480116). Grau de instrução: 6,7%-analf/leem ou escrevem; 7,5%-EF Comp.; 23,0%-EF Incomp.; 27,9%-EM Comp.; 13,7%-EM Incomp.; 14,1%-ES Comp.; e 7,2%-ES Incomp. (https://sig.tse.jus.br/ords/dwapr/seai/r/sig-eleitor-eleitorado-mensal/grau-de-instrucao?session=3371030480116). Nível econômico: 2,5%-sem rend domiciliar mensal; 1,5%-rend domiciliar mensal de até 1/2 sm.; 10,1%-rend domiciliar mensal de 1/2 até 1 sm; 21,8%-rend domiciliar mensal de 1 até 2 sm; 39,3%-rend domiciliar mensal de 2 até 5 sm; 16,7%-rend domiciliar mensal de 5 até 10 sm; 5,8%-rend domiciliar mensal de 10 até 20 sm; e 2,1%-rend domiciliar mensal de mais de 20 sm (https://ftp.ibge.gov.br/Censos/Censo_Demografico_2010/Resultados_do_Universo/xls/Municipios/parana.zip). Locais: 16,9%-Reg Intermed Maringá; 17,2%-Reg Intermed Londrina; 12,0%-Mesorreg Oeste Paranaense; 10,7%-Mesorreg Sudoeste e Centro-Sul e Reg Intermed Guarapuava; 8,4%-Reg Intermed Ponta Grossa; 34,9%-Reg Intermed Curitiba (https://sig.tse.jus.br/ords/dwapr/seai/r/sig-eleitor-eleitorado-mensal/eleitores?p0_abrangencia=Munic%C3%ADpio&clear=RP&session=10714924020999).
";"Entrevistas realizadas por entrevistadores do quadro da empresa, identificados, treinados e especializados para a função; acompanhados em campo por supervisor com função de controlar, verificar e fiscalizar in loco a aplicação dos questionários, cumprindo-se a estratificação disponibilizada no plano amostral; cada supervisor é responsável por, no máximo, 4 entrevistadores. Os questionários são aplicados presencialmente, no domicílio, com tablet e software específico. Todas entrevistas serão gravadas além dos questionários, os áudios e os pontos de localização geográficos pelo GPS; São verificados, no mínimo, 30% dos endereços in loco. Durante a coleta, ao menos 60% dos questionários de cada entrevistador submetidos a nova checagem, através de audição das entrevistas, verificando a correta aplicação e orientando o supervisor em caso de inconformidade. Dados compilados, analisados e validados no cumprimento de todas as cotas (ponderações de local, sexo, idade, escolaridade e renda).
Certif Digital do Estatístico: e-CPF A1, ref-171252650; Aut. Certif.: SERPRORFBv5; Titular-Claudio Rui dos Santos e Silva CPF-707.023.143-15.";"Municípios e setores censitários sorteados informados após a divulgação da pesquisa, conforme resolução."
"27/10/2022";"05:31:03";2022;9;"Eleições Gerais 2022";"PR";"PR";"PARANÁ";"PR021702022";"2022-09-24 22:37:37";"S";"00654576000172";"INSTITUTO VERITA LTDA - EPP";"VERITA";"Governador, Senador";"2022-09-25 00:00:00";"2022-09-29 00:00:00";3024;"10699";"Guilherme Alvarenga Laia";"87696,00";"87696,00";"Pesquisa quantitativa, que consiste na realização de entrevistas, com a aplicação de questionário estruturado junto a uma amostra representativa do eleitorado desta Unidade da Federação.";"ESTUDO REPRESENTATIVO DO ELEITORADO DO ESTADO DO PARANÁ - MÉTODO PPT (Probabilidade Proporcional ao Tamanho) - PLANO AMOSTRAL E PONDERAÇÃO QUANTO A SEXO, IDADE, GRAU DE INSTRUÇÃO E NÍVEL ECONÔMICO DO ENTREVISTADO; INTERVALO DE CONFIANÇA E MARGEM DE ERRO: Representativo do eleitorado da área em estudo, elaborada, em vários estágios, da seguinte forma: - 1. Divisão da UF em estratos proporcionais de municípios. 2. Ordenação dos municípios de cada estrato segundo o porte. 3. Sorteio dos municípios de cada estrato. 4. Os respondentes são selecionados através de quotas amostrais proporcionais em função de variáveis significativas, a saber:- IDADE: FEMININO, 16 A 24 ANOS; 6,5%/ MASCULINO, 16 A 24 ANOS; 6,1% / FEMININO, 25 A 34 ANOS; 10,4% / MASCULINO, 25 A 34 ANOS; 9,8% /FEMININO, 35 A 44 ANOS; 10,4% / MASCULINO, 35 A 44 ANOS; 9,5% / FEMININO, 45 A 59 ANOS; 13,9%/ MASCULINO, 45 A 59 ANOS; 12,3% / FEMININO, 60 ANOS OU MAIS; 11,5%/ MASCULINO, 60 ANOS OU MAIS; 9,6%- GRAU DE INSTRUÇÃO: FEMININO Analfabeto até Ensino fundamental completo 37,3%, MASCULINO Analfabeto até Ensino fundamental completo 39,6%, FEMININO Ensino Médio completo ou incompleto 28,8%, MASCULINO Ensino Médio completo ou incompleto 29,8%, FEMININO Ensino superior completo ou incompleto 34%, MASCULINO Ensino superior completo ou incompleto 30,6%. - NÍVEL ECONÔMICO: FEMININO Não PEA 35,0% (População Não Economicamente Ativa), FEMININO PEA 65,0% (População Economicamente Ativa), MASCULINO Não PEA 21,0%, MASCULINO PEA 79,0% e RENDA DO ENTREVISTADO: aferido no padrão de todos os levantamentos censitários de renda Domiciliar/Familiar, BASEADA EM LEVANTAMENTOS ANTERIORES ESPERA-SE NÚMEROS PRÓXIMOS 39% até 2 salários-mínimos, 37% de 2 a 5 salários-mínimos e 24% acima de 5 salários-mínimos ¿ (O Nível Econômico com as proporções corretas de POPULAÇÃO ECONOMICAMENTE ATIVA E POPULAÇÃO NÃO ECONOMICAMENTE ATIVA garante uma amostragem PROPORCIONAL, garante não entrevistar proporção maior de Donas de casa Não PEA, Aposentados Não PEA, Estudantes Não PEA, Desempregado que Não procura emprego Não PEA ou Vive de Rendas Não PEA. A aferição dos rendimentos do Núcleo Familiar, ¿forma correta de colher a informação da renda¿ evita erros, por exemplo de duas pessoas que se declarem DO LAR, sem rendimento próprio, porém uma com renda familiar de Classe A e outra com renda Familiar da Classe E, da mesma forma dois estudantes que não tem rendimentos próprios e um faz parte de um núcleo familiar de baixa renda e outro de alta renda).
Está prevista eventual ponderação para correção das variáveis, com base nos percentuais anteriormente mencionados, caso ocorram diferenças superiores a margem de erro da pesquisa previsto entre a amostra e a coleta de dados realizada. O fator previsto para ponderação é 1 (resultados obtidos na coleta de dados). O intervalo de confiança estimado é de 95% e a margem de erro máxima estimada considerando um modelo de amostragem aleatório simples, é de 2,0 pontos percentuais para mais ou para menos sobre os resultados encontrados no total da amostra. FONTE DOS DADOS: IBGE/Censo 2010 para fins de densidade demográfica, setores censitários e alocação da amostra. IBGE/PNAD/PNADC/MEC/INEP para fins de Nível Econômico e Escolaridade. TSE MAIO/2022 para fins de Sexo, Faixa Etária e eleitorado por município ou regiões previamente definidas (importante ressaltar para o público leigo que os dados do TSE são os únicos corretos para gênero, idade dos eleitores e quantitativo de eleitores por municípios já que a base de dados se atualiza automaticamente, PORÉM, dados de escolaridade e nível econômico NÃO são corretos e confiáveis devido a desatualização que ocorre naturalmente com o passar dos anos).
";"Após os trabalhos de coleta de dados, os questionários são submetidos a uma fiscalização, conferência e checagem de cerca de 20% (vinte por cento) dos questionários aplicados.";"A relação dos municípios sorteados ou selecionados para esta pesquisa será apresentada em arquivo anexo até 1 (um) dia após a divulgação desta pesquisa conforme §7º. do art. 2º. da Resolução-TSE nº. 23.600/2019. A área de abrangência desta pesquisa é o Estado do Paraná."
"27/10/2022";"05:31:03";2022;9;"Eleições Gerais 2022";"PR";"PR";"PARANÁ";"PR022032022";"2022-08-29 21:01:04";"S";"00654576000172";"INSTITUTO VERITA LTDA - EPP";"VERITA";"Governador, Senador";"2022-08-30 00:00:00";"2022-09-03 00:00:00";2040;"10699";"Guilherme Alvarenga Laia";"59160,00";"59160,00";"Pesquisa quantitativa, que consiste na realização de entrevistas, com a aplicação de questionário estruturado junto a uma amostra representativa do eleitorado desta Unidade da Federação.";"ESTUDO REPRESENTATIVO DO ELEITORADO DO ESTADO DO PARANÁ - MÉTODO PPT (Probabilidade Proporcional ao Tamanho) - PLANO AMOSTRAL E PONDERAÇÃO QUANTO A SEXO, IDADE, GRAU DE INSTRUÇÃO E NÍVEL ECONÔMICO DO ENTREVISTADO; INTERVALO DE CONFIANÇA E MARGEM DE ERRO: Representativo do eleitorado da área em estudo, elaborada, em vários estágios, da seguinte forma: - 1. Divisão da UF em estratos proporcionais de municípios. 2. Ordenação dos municípios de cada estrato segundo o porte. 3. Sorteio dos municípios de cada estrato. 4. Os respondentes são selecionados através de quotas amostrais proporcionais em função de variáveis significativas, a saber:- IDADE: FEMININO, 16 A 24 ANOS; 6,5%/ MASCULINO, 16 A 24 ANOS; 6,1% / FEMININO, 25 A 34 ANOS; 10,4% / MASCULINO, 25 A 34 ANOS; 9,8% /FEMININO, 35 A 44 ANOS; 10,4% / MASCULINO, 35 A 44 ANOS; 9,5% / FEMININO, 45 A 59 ANOS; 13,9%/ MASCULINO, 45 A 59 ANOS; 12,3% / FEMININO, 60 ANOS OU MAIS; 11,5%/ MASCULINO, 60 ANOS OU MAIS; 9,6%- GRAU DE INSTRUÇÃO: FEMININO Analfabeto até Ensino fundamental completo 37,3%, MASCULINO Analfabeto até Ensino fundamental completo 39,6%, FEMININO Ensino Médio completo ou incompleto 28,8%, MASCULINO Ensino Médio completo ou incompleto 29,8%, FEMININO Ensino superior completo ou incompleto 34%, MASCULINO Ensino superior completo ou incompleto 30,6%. - NÍVEL ECONÔMICO: FEMININO Não PEA 35,0%, FEMININO PEA 65,0%, MASCULINO Não PEA 21,0%, MASCULINO PEA 79,0% - Está prevista eventual ponderação para correção das variáveis, com base nos percentuais anteriormente mencionados, caso ocorram diferenças superiores a margem de erro da pesquisa previsto entre a amostra e a coleta de dados realizada. O fator previsto para ponderação é 1 (resultados obtidos na coleta de dados). O intervalo de confiança estimado é de 95% e a margem de erro máxima estimada considerando um modelo de amostragem aleatório simples, é de 2,0 pontos percentuais para mais ou para menos sobre os resultados encontrados no total da amostra. FONTE DOS DADOS: Censo 2010, PNAD 2019, TSE 2022, dentre outras.";"Após os trabalhos de coleta de dados, os questionários são submetidos a uma fiscalização, conferência e checagem de cerca de 20% (vinte por cento) dos questionários aplicados.";"A partir do dia em que a pesquisa puder ser divulgada e até o dia seguinte, o registro deverá ser complementado, sob pena de ser a pesquisa considerada não registrada; na ausência de delimitação do bairro, será identificada a área em que foi realizada."
"27/10/2022";"05:31:03";2022;9;"Eleições Gerais 2022";"PR";"PR";"PARANÁ";"PR099902022";"2022-08-31 14:59:07";"N";"81908345000140";"INSTITUTO PARANA DE PESQUISAS E ANALISE DE CONSUMIDOR LTDA";"#NULO#";"Governador, Senador";"2022-08-31 00:00:00";"2022-09-05 00:00:00";1410;"10245 - 4ª Região";"Tatiani Cristina Ara";"15000,00";"15000,00";"Pesquisa com metodologia quantitativa, com a realização de entrevistas pessoais, utilizando questionário estruturado junto a uma amostra representativa do eleitorado do Estado do Paraná. 


";"""A amostra será representativa do eleitorado da área pesquisada e será selecionada em três etapas. Na primeira etapa realiza-se um sorteio probabilístico dos municípios onde as entrevistas serão realizadas através do método PPT (Probabilidade Proporcional ao Tamanho), considerando a população eleitora com 16 anos ou mais residente nos municípios como base para essa seleção. Na segunda etapa, faz-se um sorteio probabilístico das localidades, onde as entrevistas serão realizadas, através do método PPT (Probabilidade Proporcional ao Tamanho), tomando a população eleitora de 16 anos ou mais residente nas localidades como base para essa seleção. Na terceira etapa, a seleção do entrevistado dentro da localidade, será feita utilizando-se quotas amostrais proporcionais, em função das seguintes variáveis:
GÊNERO:
Masculino - 47%;
Feminino - 53% |
FAIXA ETÁRIA:
Entre 16 e 24 anos: 13%;
Entre 25 e 34 anos: 20%;
Entre 35 e 44 anos: 20%;
Entre 45 e 59 anos: 26%;
Com 60 anos ou mais: 21% |
ESCOLARIDADE:
De analfabeto até ensino fundamental completo: 37%;
Ensino médio incompleto ou completo: 42%
Ensino superior incompleto ou completo: 21% |
RENDA DOMICILIAR MENSAL:
Sem rendimentos até 2 salários mínimos: 36%
Mais de 2 a 5 salários mínimos: 39%
Mais de 5 salários mínimos: 25%
Está prevista eventual ponderação para correção das variáveis gênero e faixa etária, com base nos percentuais acima apresentados, caso ocorram diferenças superiores a 3,0 (três) pontos percentuais entre o previsto na amostra e a coleta realizada, para as variáveis escolaridade e  renda domiciliar mensal, o fator de ponderação é igual a 1, (resultados obtidos no campo). O nível de confiança estimado é de 95% (noventa e cinco por cento) para uma margem de erro estimada, considerando uma técnica de amostragem aleatória simples, de aproximadamente 2,7 (dois vírgula sete) pontos percentuais para mais ou para menos sobre os resultados obtidos. Fonte de Dados: IBGE Censo 2010 e TSE - Julho 2022.""





";"As entrevistas serão realizadas por uma equipe de entrevistadores e supervisores devidamente qualificada pelo Instituto Paraná Pesquisas, com experiência e treinamento em pesquisas de opinião pública. No decorrer do trabalho de coleta de dados, os questionários aplicados, serão auditados em no mínimo 20% (vinte por cento) para verificação quanto ao cuidado na sua aplicação, bem como a adequação do entrevistado às variáveis das quotas amostrais.





";" ""A pesquisa será realizada no Estado do Paraná., a relação dos municípios  selecionados para a pesquisa será apresentado até o dia seguinte à data a partir da qual a pesquisa puder ser divulgada, conforme §7º do art. 2º da Resolução-TSE nº. 23.600/2019""





"
"27/10/2022";"05:31:03";2022;9;"Eleições Gerais 2022";"PR";"PR";"PARANÁ";"PR078592022";"2022-08-16 19:57:05";"N";"40735589000190";"INTELIGENCIA EM PESQUISA E CONSULTORIA LTDA";"IPEC";"Governador, Senador";"2022-08-16 00:00:00";"2022-08-22 00:00:00";1200;"6208-A";"MARCIA CAVALLARI NUNES";"100800,00";"100800,00";"Pesquisa quantitativa, que consiste na realização de entrevistas pessoais, com a aplicação de questionário estruturado junto a uma amostra representativa do eleitorado em estudo. Pesquisa realizada no Estado do PARANÁ.";"Representativo do eleitorado da área em estudo, elaborada em três estágios. No primeiro estágio faz-se um sorteio probabilístico dos municípios, onde as entrevistas serão realizadas, pelo método PPT (Probabilidade Proporcional ao Tamanho), tomando o eleitorado como base para tal seleção. No segundo estágio faz-se um sorteio probabilístico dos setores censitários, onde as entrevistas serão realizadas, pelo método PPT (Probabilidade Proporcional ao Tamanho), tomando a população de 16 anos ou mais residente nos setores como base para tal seleção. No terceiro e último estágio, dentro dos setores sorteados, os respondentes são selecionados através de quotas amostrais proporcionais em função de variáveis significativas, a saber: IDADE: 16-24 (masculino) 16% (feminino) 14%; 25-34 (masculino) 19% (feminino) 19%; 35-44 (masculino) 20% (feminino) 21%; 45-59 (masculino) 28% (feminino) 29%; 60 e+ (masculino) 16% (feminino) 18%; INSTRUÇÃO: Até Ensino Médio (masculino) 75% (feminino) 69%; Ensino Superior (masculino) 25% (feminino) 31%; NÍVEL ECONÔMICO: Economicamente ativo (masculino) 73% (feminino) 53%; Não Economicamente ativo (masculino) 27% (feminino) 47%. Está prevista eventual ponderação para correção das variáveis sexo e idade, com base nos percentuais anteriormente mencionados, caso ocorram diferenças superiores a 3 pontos percentuais entre o previsto na amostra e a coleta de dados realizada. Para as variáveis de grau de instrução e nível econômico do entrevistado, o fator previsto para ponderação é 1 (resultados obtidos em campo). O nível de confiança estimado é de 95% e a margem de erro máxima estimada considerando um modelo de amostragem aleatório simples, é de 03 (TRÊS) pontos percentuais para mais ou para menos sobre os resultados encontrados no total da amostra. FONTE DOS DADOS: Censo 2010 | PNADC 2020 | TSE 2022.";"Para a realização da pesquisa, utiliza-se uma equipe de entrevistadores e supervisores contratados pelo INTELIGENCIA EM PESQUISA E CONSULTORIA LTDA. devidamente treinados para o trabalho. Após os trabalhos de campo, os questionários são submetidos a uma fiscalização de cerca de 20% (vinte por cento) dos questionários aplicados pelos entrevistadores; para verificação das respostas e da adequação dos entrevistados aos parâmetros amostrais.";"A área de abrangência da coleta é o Estado do PARANÁ. A relação das localidades selecionadas para aplicação da amostra será apresentada até o 7º dia seguinte ao registro da pesquisa, conforme expresso no art. 2º, §7º da Resolução 23.600/2019 do TSE."
"27/10/2022";"05:31:03";2022;9;"Eleições Gerais 2022";"PR";"PR";"PARANÁ";"PR024362022";"2022-09-10 14:43:14";"N";"40735589000190";"INTELIGENCIA EM PESQUISA E CONSULTORIA LTDA";"IPEC";"Governador, Senador";"2022-09-10 00:00:00";"2022-09-16 00:00:00";1200;"6208-A";"MARCIA CAVALLARI NUNES";"100800,00";"100800,00";"Pesquisa quantitativa, que consiste na realização de entrevistas pessoais, com a aplicação de questionário estruturado junto a uma amostra representativa do eleitorado em estudo. Pesquisa realizada no Estado do PARANÁ.";"Representativo do eleitorado da área em estudo, elaborada em três estágios. No primeiro estágio faz-se um sorteio probabilístico dos municípios, onde as entrevistas serão realizadas, pelo método PPT (Probabilidade Proporcional ao Tamanho), tomando o eleitorado como base para tal seleção. No segundo estágio faz-se um sorteio probabilístico dos setores censitários, onde as entrevistas serão realizadas, pelo método PPT (Probabilidade Proporcional ao Tamanho), tomando a população de 16 anos ou mais residente nos setores como base para tal seleção. No terceiro e último estágio, dentro dos setores sorteados, os respondentes são selecionados através de quotas amostrais proporcionais em função de variáveis significativas, a saber: GENERO: Masculino (48%), Feminino (52%); IDADE: 16-24 (masculino) 16% (feminino) 14%; 25-34 (masculino) 19% (feminino) 19%; 35-44 (masculino) 20% (feminino) 21%; 45-59 (masculino) 28% (feminino) 29%; 60 e+ (masculino) 16% (feminino) 18%; INSTRUÇÃO: Até Ensino Médio (masculino) 75% (feminino) 69%; Ensino Superior (masculino) 25% (feminino) 31%; NÍVEL ECONÔMICO: Economicamente ativo (masculino) 73% (feminino) 53%; Não Economicamente ativo (masculino) 27% (feminino) 47%; RENDA FAMILIAR: Até 1 salário mínimo: 19%; Mais de 1 a 2 salários mínimos 28%; Mais de 2 a 5 salários mínimos: 37%; Mais de 5 salários mínimos: 16% Está prevista eventual ponderação para correção das variáveis sexo e idade, com base nos percentuais anteriormente mencionados, caso ocorram diferenças superiores a 3 pontos percentuais entre o previsto na amostra e a coleta de dados realizada. Para as variáveis de grau de instrução e nível econômico do entrevistado, o fator previsto para ponderação é 1 (resultados obtidos em campo). O nível de confiança estimado é de 95% e a margem de erro máxima estimada considerando um modelo de amostragem aleatório simples, é de 03 (TRÊS) pontos percentuais para mais ou para menos sobre os resultados encontrados no total da amostra. FONTE DOS DADOS: Censo 2010 | PNADC 2020 | TSE 2022.";"Para a realização da pesquisa, utiliza-se uma equipe de entrevistadores e supervisores contratados pelo INTELIGENCIA EM PESQUISA E CONSULTORIA LTDA. devidamente treinados para o trabalho. Após os trabalhos de campo, os questionários são submetidos a uma fiscalização de cerca de 20% (vinte por cento) dos questionários aplicados pelos entrevistadores; para verificação das respostas e da adequação dos entrevistados aos parâmetros amostrais.";"A área de abrangência da coleta é o Estado do PARANÁ. A relação das localidades selecionadas para aplicação da amostra será apresentada até o 7º dia seguinte ao registro da pesquisa, conforme expresso no art. 2º, §7º da Resolução 23.600/2019 do TSE.
"
"27/10/2022";"05:31:03";2022;9;"Eleições Gerais 2022";"PR";"PR";"PARANÁ";"PR020842022";"2022-09-25 12:19:22";"N";"40735589000190";"INTELIGENCIA EM PESQUISA E CONSULTORIA LTDA";"IPEC";"Governador, Senador";"2022-09-25 00:00:00";"2022-10-01 00:00:00";1504;"6208-A";"MARCIA CAVALLARI NUNES";"126336,00";"126336,00";"Pesquisa quantitativa, que consiste na realização de entrevistas pessoais, com a aplicação de questionário estruturado junto a uma amostra representativa do eleitorado em estudo. Pesquisa realizada no Estado do PARANÁ.";"Representativo do eleitorado da área em estudo, elaborada em três estágios. No primeiro estágio faz-se um sorteio probabilístico dos municípios, onde as entrevistas serão realizadas, pelo método PPT (Probabilidade Proporcional ao Tamanho), tomando o eleitorado como base para tal seleção. No segundo estágio faz-se um sorteio probabilístico dos setores censitários, onde as entrevistas serão realizadas, pelo método PPT (Probabilidade Proporcional ao Tamanho), tomando a população de 16 anos ou mais residente nos setores como base para tal seleção. No terceiro e último estágio, dentro dos setores sorteados, os respondentes são selecionados através de quotas amostrais proporcionais em função de variáveis significativas, a saber: GENERO: Masculino (48%), Feminino (52%); IDADE: 16-24 (masculino) 16% (feminino) 14%; 25-34 (masculino) 19% (feminino) 18%; 35-44 (masculino) 20% (feminino) 21%; 45-59 (masculino) 28% (feminino) 29%; 60 e+ (masculino) 16% (feminino) 18%; INSTRUÇÃO: Até Ensino Médio (masculino) 75% (feminino) 69%; Ensino Superior (masculino) 25% (feminino) 31%; NÍVEL ECONÔMICO: Economicamente ativo (masculino) 74% (feminino) 53%; Não Economicamente ativo (masculino) 26% (feminino) 47%. RENDA FAMILIAR: Até 1 salário mínimo: 18%; Mais de 1 a 2 salários mínimos 25%; Mais de 2 a 5 salários mínimos: 38%; Mais de 5 salários mínimos: 18%. Está prevista eventual ponderação para correção das variáveis sexo e idade, com base nos percentuais anteriormente mencionados, caso ocorram diferenças superiores a 3 pontos percentuais entre o previsto na amostra e a coleta de dados realizada. Para as variáveis de grau de instrução e nível econômico do entrevistado, o fator previsto para ponderação é 1 (resultados obtidos em campo). O nível de confiança estimado é de 95% e a margem de erro máxima estimada considerando um modelo de amostragem aleatório simples, é de 03 (TRÊS) pontos percentuais para mais ou para menos sobre os resultados encontrados no total da amostra. FONTE DOS DADOS: Censo 2010 | PNADC 2020 | TSE 2022.";"Para a realização da pesquisa, utiliza-se uma equipe de entrevistadores e supervisores contratados pelo INTELIGENCIA EM PESQUISA E CONSULTORIA LTDA. devidamente treinados para o trabalho. Após os trabalhos de campo, os questionários são submetidos a uma fiscalização de cerca de 20% (vinte por cento) dos questionários aplicados pelos entrevistadores; para verificação das respostas e da adequação dos entrevistados aos parâmetros amostrais.";"A área de abrangência da coleta é o Estado do PARANÁ. Considerando que a pesquisa contém questões sobre o cargo de presidente, também está registrada perante o TSE. A relação das localidades selecionadas para aplicação da amostra será apresentada até o 7º dia seguinte ao registro da pesquisa, conforme expresso no art. 2º, §7º da Resolução 23.600/2019 do TSE."
